{
	"boggled_astral_gate":{
		"defaultName":"Astral Gate", # used if name=null in addCustomEntity()
		"defaultRadius":225, # used if radius<0 in addCustomEntity()
		"customDescriptionId":"astral_gate",
		"interactionImage":"graphics/illustrations/orbital_construction.jpg",
		"icon":"graphics/icons/gate0.png",
		"iconWidth":30,
		"iconHeight":30,
		"sprite":"graphics/icons/sprites/astral_gate.png",
		"spriteWidth":410,
		"spriteHeight":348,
		"renderShadow":true,
		"useLightColor":true,
		"showInCampaign":true,
		"showIconOnMap":true,
		"showNameOnMap":false,
		"scaleNameWithZoom":false,
		"scaleIconWithZoom":true,
		"tags":["station", "boggled_astral_gate"],
		"layers":[STATIONS], # what layer(s) to render in. See CampaignEngineLayers.java for possible values
	},
}


