{
	"boggled_astral_gate":{
		"defaultName":"Astral Gate", # used if name=null in addCustomEntity()
		"defaultRadius":120, # used if radius<0 in addCustomEntity()
		"customDescriptionId":"astral_gate",
		"interactionImage":"graphics/illustrations/orbital_construction.jpg",
		"icon":"graphics/icons/gate0.png",
		"iconWidth":20,
		"iconHeight":20,
		"sprite":"graphics/icons/sprites/astral_gate.png",
		"spriteWidth":192,
		"spriteHeight":192,
		"renderShadow":false,
		"useLightColor":false,
		"showInCampaign":true,
		"showIconOnMap":true,
		"showNameOnMap":true,
		"scaleNameWithZoom":false,
		"scaleIconWithZoom":true,
		"tags":["boggled_astral_gate", "station"],
		"layers":[STATIONS], # what layer(s) to render in. See CampaignEngineLayers.java for possible values
	},
	"boggled_gatekeeper_station_small":{
		"defaultName":"Gatekeeper Station", # used if name=null in addCustomEntity()
		"defaultRadius":50, # used if radius<0 in addCustomEntity()
		"customDescriptionId":"gatekeeper_station",
		"interactionImage":"graphics/illustrations/orbital_construction.jpg",
		"icon":"graphics/icons/station0.png",
		"iconWidth":16,
		"iconHeight":16,
		"sprite":"graphics/stations/station_side03.png",
		"spriteWidth":50,
		"spriteHeight":50,
		"renderShadow":true,
		"useLightColor":true,
		"showInCampaign":true,
		"showIconOnMap":true,
		"showNameOnMap":false,
		"scaleNameWithZoom":false,
		"scaleIconWithZoom":true,
		"tags":["station", "boggled_gatekeeper_station"],
		"layers":[STATIONS], # what layer(s) to render in. See CampaignEngineLayers.java for possible values
	},
	"boggled_gatekeeper_station_medium":{
		"defaultName":"Gatekeeper Station", # used if name=null in addCustomEntity()
		"defaultRadius":70, # used if radius<0 in addCustomEntity()
		"customDescriptionId":"gatekeeper_station",
		"interactionImage":"graphics/illustrations/orbital_construction.jpg",
		"icon":"graphics/icons/station0.png",
		"iconWidth":20,
		"iconHeight":20,
		"sprite":"graphics/stations/station_side04.png",
		"spriteWidth":80,
		"spriteHeight":80,
		"renderShadow":true,
		"useLightColor":true,
		"showInCampaign":true,
		"showIconOnMap":true,
		"showNameOnMap":false,
		"scaleNameWithZoom":false,
		"scaleIconWithZoom":true,
		"tags":["station", "boggled_gatekeeper_station"],
		"layers":[STATIONS], # what layer(s) to render in. See CampaignEngineLayers.java for possible values
	}
}


